0,0.0,0.0,-0.18860510805500982,-0.09037328094302555,-0.31237721021611004,-0.25343811394891946,-0.37328094302554027,-0.40078585461689586,-0.4361493123772102,-0.5127701375245579,-0.16110019646365423,-0.5009823182711198,-0.1925343811394892,-0.6954813359528488,-0.2082514734774067,-0.8133595284872298,-0.2220039292730845,-0.9115913555992141,-0.03929273084479371,-0.5245579567779961,-0.0412573673870334,-0.75049115913556,-0.05108055009823183,-0.888015717092338,-0.0550098231827112,-1.0,0.07465618860510806,-0.49705304518664045,0.11591355599214145,-0.7092337917485265,0.13359528487229863,-0.8467583497053045,0.14145383104125736,-0.9607072691552063,0.18860510805500982,-0.4302554027504912,0.275049115913556,-0.5795677799607073,0.32612966601178783,-0.6817288801571709,0.3654223968565815,-0.7740667976424361
0,0.0,0.0,-0.1884920634920635,-0.08928571428571429,-0.3194444444444444,-0.24801587301587302,-0.37896825396825395,-0.3948412698412698,-0.44642857142857145,-0.503968253968254,-0.15873015873015872,-0.49603174603174605,-0.19246031746031747,-0.6984126984126984,-0.21031746031746032,-0.8174603174603174,-0.22420634920634921,-0.9186507936507936,-0.03571428571428571,-0.5158730158730159,-0.037698412698412696,-0.746031746031746,-0.04563492063492063,-0.8829365079365079,-0.0496031746031746,-1.0,0.08134920634920635,-0.4861111111111111,0.12896825396825398,-0.6964285714285714,0.1488095238095238,-0.8353174603174603,0.15873015873015872,-0.9543650793650794,0.19642857142857142,-0.41865079365079366,0.2837301587301587,-0.5674603174603174,0.3333333333333333,-0.6666666666666666,0.36904761904761907,-0.7559523809523809
0,0.0,0.0,-0.19284294234592445,-0.08946322067594434,-0.3220675944333996,-0.2544731610337972,-0.3797216699801193,-0.40556660039761433,-0.44731610337972166,-0.5149105367793241,-0.16500994035785288,-0.4990059642147117,-0.20079522862823063,-0.6978131212723658,-0.21868787276341947,-0.8170974155069582,-0.23260437375745527,-0.9204771371769384,-0.039761431411530816,-0.5228628230616302,-0.039761431411530816,-0.7495029821073559,-0.04572564612326044,-0.8866799204771372,-0.04771371769383698,-1.0,0.07952286282306163,-0.49502982107355864,0.12326043737574553,-0.705765407554672,0.14314115308151093,-0.8429423459244533,0.15308151093439365,-0.9562624254473161,0.19681908548707752,-0.4274353876739563,0.2823061630218688,-0.5745526838966203,0.33001988071570576,-0.6699801192842942,0.3658051689860835,-0.7554671968190855
0,0.0,0.0,-0.1956521739130435,-0.09090909090909091,-0.32806324110671936,-0.25889328063241107,-0.3893280632411067,-0.41304347826086957,-0.45849802371541504,-0.525691699604743,-0.16798418972332016,-0.5118577075098815,-0.1956521739130435,-0.7154150197628458,-0.20948616600790515,-0.83399209486166,-0.21936758893280633,-0.9347826086956522,-0.041501976284584984,-0.5316205533596838,-0.037549407114624504,-0.7569169960474308,-0.041501976284584984,-0.8932806324110671,-0.043478260869565216,-1.0,0.07707509881422925,-0.5019762845849802,0.11857707509881422,-0.7114624505928854,0.1324110671936759,-0.8478260869565217,0.14031620553359683,-0.958498023715415,0.1956521739130435,-0.4288537549407115,0.2826086956521739,-0.575098814229249,0.3339920948616601,-0.6719367588932806,0.3715415019762846,-0.758893280632411
0,0.0,0.0,-0.19367588932806323,-0.09288537549407115,-0.3221343873517787,-0.25889328063241107,-0.383399209486166,-0.41106719367588934,-0.4505928853754941,-0.5237154150197628,-0.1600790513833992,-0.5,-0.18972332015810275,-0.7015810276679841,-0.20355731225296442,-0.8201581027667985,-0.21146245059288538,-0.9209486166007905,-0.03359683794466403,-0.5197628458498024,-0.025691699604743084,-0.7490118577075099,-0.025691699604743084,-0.8853754940711462,-0.021739130434782608,-1.0,0.08498023715415019,-0.4901185770750988,0.12845849802371542,-0.7015810276679841,0.14624505928853754,-0.8379446640316206,0.15810276679841898,-0.9525691699604744,0.2015810276679842,-0.4209486166007905,0.29051383399209485,-0.5711462450592886,0.3438735177865613,-0.6719367588932806,0.38537549407114624,-0.7608695652173914
0,0.0,0.0,-0.1925343811394892,-0.09430255402750491,-0.32220039292730845,-0.26129666011787817,-0.3791748526522593,-0.4165029469548134,-0.444007858546169,-0.5324165029469549,-0.15520628683693516,-0.4950884086444008,-0.18664047151277013,-0.6974459724950884,-0.20039292730844793,-0.8172888015717092,-0.2082514734774067,-0.9194499017681729,-0.03143418467583497,-0.5166994106090373,-0.023575638506876228,-0.7465618860510805,-0.023575638506876228,-0.8860510805500982,-0.01768172888015717,-1.0,0.08840864440078586,-0.48919449901768175,0.13163064833005894,-0.7033398821218074,0.1512770137524558,-0.8428290766208252,0.1650294695481336,-0.9567779960707269,0.206286836935167,-0.4223968565815324,0.29469548133595286,-0.5736738703339882,0.3477406679764244,-0.6738703339882122,0.38703339882121807,-0.7603143418467584
0,0.0,0.0,-0.19215686274509805,-0.09019607843137255,-0.3235294117647059,-0.2549019607843137,-0.3843137254901961,-0.40980392156862744,-0.44901960784313727,-0.5215686274509804,-0.1607843137254902,-0.49607843137254903,-0.19215686274509805,-0.7,-0.20588235294117646,-0.8196078431372549,-0.21372549019607842,-0.9196078431372549,-0.03333333333333333,-0.5196078431372549,-0.03137254901960784,-0.7490196078431373,-0.03333333333333333,-0.8862745098039215,-0.03137254901960784,-1.0,0.08823529411764706,-0.49019607843137253,0.13333333333333333,-0.6980392156862745,0.15490196078431373,-0.8352941176470589,0.16862745098039217,-0.9470588235294117,0.20392156862745098,-0.4235294117647059,0.29215686274509806,-0.5725490196078431,0.34509803921568627,-0.6705882352941176,0.3862745098039216,-0.7549019607843137
0,0.0,0.0,-0.1976284584980237,-0.08695652173913043,-0.32806324110671936,-0.2490118577075099,-0.3893280632411067,-0.40118577075098816,-0.4525691699604743,-0.5118577075098815,-0.16600790513833993,-0.4980237154150198,-0.1956521739130435,-0.6976284584980237,-0.2075098814229249,-0.8162055335968379,-0.21146245059288538,-0.9150197628458498,-0.037549407114624504,-0.5237154150197628,-0.037549407114624504,-0.7529644268774703,-0.039525691699604744,-0.8893280632411067,-0.03359683794466403,-1.0,0.08300395256916997,-0.5,0.12648221343873517,-0.7055335968379447,0.15019762845849802,-0.841897233201581,0.16996047430830039,-0.950592885375494,0.2015810276679842,-0.43280632411067194,0.2885375494071146,-0.575098814229249,0.34189723320158105,-0.6679841897233202,0.38735177865612647,-0.7450592885375494
0,0.0,0.0,-0.1991869918699187,-0.09349593495934959,-0.33739837398373984,-0.26422764227642276,-0.4024390243902439,-0.4186991869918699,-0.4715447154471545,-0.5304878048780488,-0.17276422764227642,-0.516260162601626,-0.2032520325203252,-0.7215447154471545,-0.21544715447154472,-0.8394308943089431,-0.22357723577235772,-0.943089430894309,-0.042682926829268296,-0.5365853658536586,-0.04065040650406504,-0.7621951219512195,-0.042682926829268296,-0.8922764227642277,-0.04065040650406504,-1.0,0.08333333333333333,-0.5101626016260162,0.12195121951219512,-0.717479674796748,0.1402439024390244,-0.8495934959349594,0.15447154471544716,-0.959349593495935,0.20528455284552846,-0.45121951219512196,0.2845528455284553,-0.6097560975609756,0.3333333333333333,-0.7113821138211383,0.3719512195121951,-0.8048780487804879
0,0.0,0.0,-0.20204081632653062,-0.0836734693877551,-0.3408163265306122,-0.24285714285714285,-0.40816326530612246,-0.38979591836734695,-0.48367346938775513,-0.5,-0.1816326530612245,-0.5061224489795918,-0.21836734693877552,-0.7,-0.23673469387755103,-0.8163265306122449,-0.2530612244897959,-0.9163265306122449,-0.05102040816326531,-0.5306122448979592,-0.053061224489795916,-0.7571428571428571,-0.06326530612244897,-0.8918367346938776,-0.07142857142857142,-1.0,0.07142857142857142,-0.5061224489795918,0.11428571428571428,-0.7183673469387755,0.12857142857142856,-0.8551020408163266,0.1326530612244898,-0.9673469387755103,0.18979591836734694,-0.44081632653061226,0.2795918367346939,-0.5918367346938775,0.32653061224489793,-0.6938775510204082,0.35918367346938773,-0.7857142857142857
0,0.0,0.0,-0.1934826883910387,-0.08757637474541752,-0.329938900203666,-0.24236252545824846,-0.40122199592668023,-0.38289205702647655,-0.47657841140529533,-0.4908350305498982,-0.17311608961303462,-0.4989816700610998,-0.20773930753564154,-0.6965376782077393,-0.22606924643584522,-0.814663951120163,-0.24032586558044808,-0.9164969450101833,-0.04684317718940937,-0.5254582484725051,-0.04684317718940937,-0.7515274949083504,-0.054989816700611,-0.8879837067209776,-0.06313645621181263,-1.0,0.07331975560081466,-0.5010183299389002,0.11405295315682282,-0.7128309572301426,0.13034623217922606,-0.8492871690427699,0.1364562118126273,-0.9613034623217923,0.1894093686354379,-0.4378818737270876,0.2708757637474542,-0.5885947046843177,0.31771894093686354,-0.6883910386965377,0.35030549898167007,-0.7759674134419552
0,0.0,0.0,-0.20164609053497942,-0.08641975308641975,-0.34156378600823045,-0.24279835390946503,-0.411522633744856,-0.3868312757201646,-0.48148148148148145,-0.49382716049382713,-0.17901234567901234,-0.5041152263374485,-0.21604938271604937,-0.6995884773662552,-0.23868312757201646,-0.8168724279835391,-0.2551440329218107,-0.9156378600823045,-0.053497942386831275,-0.5308641975308642,-0.05761316872427984,-0.7530864197530864,-0.06790123456790123,-0.8888888888888888,-0.07407407407407407,-1.0,0.06584362139917696,-0.5082304526748971,0.10493827160493827,-0.7160493827160493,0.11728395061728394,-0.8518518518518519,0.12551440329218108,-0.9629629629629629,0.1831275720164609,-0.448559670781893,0.2674897119341564,-0.6008230452674898,0.3148148148148148,-0.7016460905349794,0.35185185185185186,-0.7901234567901234
0,0.0,0.0,-0.1962809917355372,-0.08264462809917356,-0.3367768595041322,-0.23760330578512398,-0.41115702479338845,-0.3822314049586777,-0.4896694214876033,-0.4896694214876033,-0.1859504132231405,-0.5041322314049587,-0.22107438016528927,-0.7024793388429752,-0.24173553719008264,-0.8181818181818182,-0.25826446280991733,-0.9173553719008265,-0.05991735537190083,-0.5330578512396694,-0.06198347107438017,-0.7582644628099173,-0.07231404958677685,-0.890495867768595,-0.07851239669421488,-1.0,0.06198347107438017,-0.5082644628099173,0.09710743801652892,-0.7210743801652892,0.10950413223140495,-0.8574380165289256,0.1115702479338843,-0.9710743801652892,0.18181818181818182,-0.4462809917355372,0.2644628099173554,-0.6012396694214877,0.3119834710743802,-0.7086776859504132,0.34710743801652894,-0.8016528925619835
0,0.0,0.0,-0.1926977687626775,-0.08316430020283976,-0.3286004056795132,-0.23732251521298176,-0.40365111561866124,-0.3793103448275862,-0.4787018255578093,-0.4827586206896552,-0.18255578093306288,-0.4949290060851927,-0.2210953346855984,-0.6876267748478702,-0.2413793103448276,-0.8032454361054767,-0.25557809330628806,-0.9006085192697769,-0.060851926977687626,-0.5212981744421906,-0.06693711967545639,-0.7484787018255578,-0.07707910750507099,-0.8864097363083164,-0.08316430020283976,-1.0,0.056795131845841784,-0.49898580121703856,0.09330628803245436,-0.7058823529411765,0.10344827586206896,-0.8397565922920892,0.1075050709939148,-0.9533468559837728,0.1744421906693712,-0.4340770791075051,0.25760649087221094,-0.5841784989858012,0.30425963488843816,-0.6835699797160243,0.33874239350912777,-0.7748478701825557
0,0.0,0.0,-0.1891348088531187,-0.08651911468812877,-0.3199195171026157,-0.2454728370221328,-0.39235412474849096,-0.386317907444668,-0.4688128772635815,-0.48893360160965793,-0.1710261569416499,-0.4969818913480885,-0.2052313883299799,-0.6861167002012073,-0.22736418511066397,-0.8028169014084507,-0.2454728370221328,-0.8993963782696177,-0.052313883299798795,-0.5211267605633803,-0.052313883299798795,-0.7464788732394366,-0.060362173038229376,-0.8853118712273642,-0.06841046277665996,-1.0,0.06237424547283702,-0.4949698189134809,0.10261569416498995,-0.7022132796780685,0.11468812877263582,-0.8390342052313883,0.11871227364185111,-0.9557344064386318,0.17706237424547283,-0.42655935613682094,0.26156941649899396,-0.5754527162977867,0.3118712273641851,-0.676056338028169,0.34808853118712274,-0.7686116700201208
0,0.0,0.0,-0.1898989898989899,-0.08686868686868687,-0.32323232323232326,-0.24646464646464647,-0.39595959595959596,-0.3898989898989899,-0.47474747474747475,-0.494949494949495,-0.1797979797979798,-0.498989898989899,-0.21414141414141413,-0.6989898989898989,-0.23030303030303031,-0.8161616161616162,-0.24242424242424243,-0.9131313131313131,-0.05858585858585859,-0.5212121212121212,-0.06262626262626263,-0.7515151515151515,-0.0707070707070707,-0.8868686868686869,-0.07474747474747474,-1.0,0.05656565656565657,-0.49292929292929294,0.09494949494949495,-0.705050505050505,0.10909090909090909,-0.8424242424242424,0.11717171717171718,-0.9575757575757575,0.1696969696969697,-0.4222222222222222,0.25252525252525254,-0.5676767676767677,0.30303030303030304,-0.6626262626262627,0.3393939393939394,-0.7474747474747475
0,0.0,0.0,-0.2,-0.08775510204081632,-0.34285714285714286,-0.24897959183673468,-0.41836734693877553,-0.3979591836734694,-0.49387755102040815,-0.5081632653061224,-0.18979591836734694,-0.49795918367346936,-0.22653061224489796,-0.7020408163265306,-0.24489795918367346,-0.8204081632653061,-0.25918367346938775,-0.9244897959183673,-0.06326530612244897,-0.5204081632653061,-0.0653061224489796,-0.746938775510204,-0.07346938775510205,-0.8836734693877552,-0.07551020408163266,-1.0,0.05714285714285714,-0.49387755102040815,0.1,-0.7,0.11836734693877551,-0.8326530612244898,0.1306122448979592,-0.9489795918367347,0.17346938775510204,-0.42857142857142855,0.25510204081632654,-0.5795918367346938,0.3040816326530612,-0.6816326530612244,0.3408163265306122,-0.7755102040816326
0,0.0,0.0,-0.19433198380566802,-0.0951417004048583,-0.3319838056680162,-0.25708502024291496,-0.4048582995951417,-0.402834008097166,-0.4777327935222672,-0.5101214574898786,-0.17611336032388664,-0.5040485829959515,-0.21052631578947367,-0.7024291497975709,-0.22874493927125505,-0.819838056680162,-0.242914979757085,-0.9190283400809717,-0.05465587044534413,-0.5242914979757085,-0.05465587044534413,-0.7469635627530364,-0.06072874493927125,-0.8846153846153846,-0.06477732793522267,-1.0,0.06477732793522267,-0.4939271255060729,0.10526315789473684,-0.7024291497975709,0.1214574898785425,-0.8380566801619433,0.13360323886639677,-0.9534412955465587,0.18016194331983806,-0.4230769230769231,0.2591093117408907,-0.5728744939271255,0.305668016194332,-0.6761133603238867,0.34210526315789475,-0.7732793522267206
0,0.0,0.0,-0.20958083832335328,-0.08782435129740519,-0.34930139720558884,-0.249500998003992,-0.4231536926147705,-0.3992015968063872,-0.499001996007984,-0.5049900199600799,-0.19161676646706588,-0.49700598802395207,-0.2215568862275449,-0.7045908183632734,-0.2375249500998004,-0.8283433133732535,-0.24550898203592814,-0.9321357285429142,-0.06387225548902195,-0.5209580838323353,-0.0658682634730539,-0.7465069860279441,-0.06986027944111776,-0.8842315369261478,-0.06786427145708583,-1.0,0.059880239520958084,-0.4930139720558882,0.09780439121756487,-0.6926147704590818,0.1157684630738523,-0.8223552894211577,0.1277445109780439,-0.9301397205588823,0.18163672654690619,-0.4291417165668663,0.25748502994011974,-0.5768463073852296,0.3033932135728543,-0.6766467065868264,0.3413173652694611,-0.7644710578842315
0,0.0,0.0,-0.20758483033932135,-0.08982035928143713,-0.34930139720558884,-0.25149700598802394,-0.42115768463073855,-0.4031936127744511,-0.4930139720558882,-0.5089820359281437,-0.18962075848303392,-0.500998003992016,-0.21756487025948104,-0.7085828343313373,-0.2315369261477046,-0.8303393213572854,-0.2435129740518962,-0.9301397205588823,-0.05788423153692615,-0.5229540918163673,-0.059880239520958084,-0.7504990019960079,-0.0658682634730539,-0.8862275449101796,-0.06786427145708583,-1.0,0.06986027944111776,-0.49500998003992014,0.10778443113772455,-0.7045908183632734,0.1277445109780439,-0.8423153692614771,0.1377245508982036,-0.9540918163672655,0.19161676646706588,-0.43313373253493015,0.2714570858283433,-0.5788423153692615,0.3213572854291417,-0.6766467065868264,0.3592814371257485,-0.7584830339321357
0,0.0,0.0,-0.1976284584980237,-0.08695652173913043,-0.33992094861660077,-0.2509881422924901,-0.41304347826086957,-0.39920948616600793,-0.48616600790513836,-0.5059288537549407,-0.17391304347826086,-0.5039525691699605,-0.2015810276679842,-0.7094861660079052,-0.2134387351778656,-0.8280632411067194,-0.22134387351778656,-0.924901185770751,-0.043478260869565216,-0.5237154150197628,-0.039525691699604744,-0.7509881422924901,-0.041501976284584984,-0.8873517786561265,-0.039525691699604744,-1.0,0.07905138339920949,-0.49209486166007904,0.1225296442687747,-0.7015810276679841,0.1442687747035573,-0.8359683794466403,0.15810276679841898,-0.9466403162055336,0.19960474308300397,-0.42292490118577075,0.2826086956521739,-0.5731225296442688,0.33201581027667987,-0.6699604743083004,0.3695652173913043,-0.7569169960474308
0,0.0,0.0,-0.2,-0.08823529411764706,-0.34509803921568627,-0.24705882352941178,-0.4196078431372549,-0.3980392156862745,-0.48823529411764705,-0.5078431372549019,-0.17254901960784313,-0.49411764705882355,-0.2019607843137255,-0.7019607843137254,-0.21372549019607842,-0.8235294117647058,-0.21764705882352942,-0.9235294117647059,-0.043137254901960784,-0.515686274509804,-0.045098039215686274,-0.7470588235294118,-0.047058823529411764,-0.884313725490196,-0.041176470588235294,-1.0,0.0784313725490196,-0.48823529411764705,0.11764705882352941,-0.696078431372549,0.1411764705882353,-0.8313725490196079,0.1568627450980392,-0.9450980392156862,0.19607843137254902,-0.4235294117647059,0.27647058823529413,-0.5784313725490197,0.32745098039215687,-0.6745098039215687,0.3686274509803922,-0.7607843137254902
0,0.0,0.0,-0.20156555772994128,-0.08806262230919765,-0.3424657534246575,-0.24853228962818003,-0.41291585127201563,-0.39921722113502933,-0.4892367906066536,-0.5088062622309197,-0.1761252446183953,-0.49510763209393344,-0.2035225048923679,-0.7064579256360078,-0.21526418786692758,-0.8277886497064579,-0.22113502935420742,-0.9295499021526419,-0.04892367906066536,-0.5146771037181996,-0.04500978473581213,-0.7475538160469667,-0.046966731898238745,-0.8864970645792564,-0.04500978473581213,-1.0,0.07436399217221135,-0.487279843444227,0.11937377690802348,-0.6966731898238747,0.14285714285714285,-0.8317025440313112,0.15655577299412915,-0.9471624266144814,0.1917808219178082,-0.4207436399217221,0.273972602739726,-0.5753424657534246,0.3268101761252446,-0.6731898238747553,0.3679060665362035,-0.7592954990215264
0,0.0,0.0,-0.19881889763779528,-0.09055118110236221,-0.3405511811023622,-0.25393700787401574,-0.41141732283464566,-0.40551181102362205,-0.48031496062992124,-0.5137795275590551,-0.17519685039370078,-0.5019685039370079,-0.2047244094488189,-0.7106299212598425,-0.21456692913385828,-0.8307086614173228,-0.21850393700787402,-0.9311023622047244,-0.045275590551181105,-0.5216535433070866,-0.04133858267716536,-0.7519685039370079,-0.04133858267716536,-0.8877952755905512,-0.03543307086614173,-1.0,0.07874015748031496,-0.4940944881889764,0.12401574803149606,-0.702755905511811,0.14763779527559054,-0.8366141732283464,0.16141732283464566,-0.9488188976377953,0.19881889763779528,-0.4271653543307087,0.281496062992126,-0.5787401574803149,0.3346456692913386,-0.6771653543307087,0.37401574803149606,-0.7637795275590551
0,0.0,0.0,-0.20238095238095238,-0.09126984126984126,-0.34325396825396826,-0.25396825396825395,-0.4146825396825397,-0.40476190476190477,-0.48412698412698413,-0.5158730158730159,-0.1746031746031746,-0.503968253968254,-0.20238095238095238,-0.7103174603174603,-0.21031746031746032,-0.8293650793650794,-0.21428571428571427,-0.9285714285714286,-0.04365079365079365,-0.5238095238095238,-0.037698412698412696,-0.753968253968254,-0.03571428571428571,-0.8888888888888888,-0.027777777777777776,-1.0,0.08134920634920635,-0.49404761904761907,0.125,-0.7023809523809523,0.14682539682539683,-0.8353174603174603,0.16071428571428573,-0.9484126984126984,0.20436507936507936,-0.4246031746031746,0.2876984126984127,-0.5773809523809523,0.3392857142857143,-0.6765873015873016,0.37896825396825395,-0.7638888888888888
0,0.0,0.0,-0.2047244094488189,-0.09055118110236221,-0.34448818897637795,-0.25196850393700787,-0.41732283464566927,-0.4035433070866142,-0.4862204724409449,-0.5137795275590551,-0.18110236220472442,-0.5,-0.2106299212598425,-0.7086614173228346,-0.21653543307086615,-0.8307086614173228,-0.21653543307086615,-0.9311023622047244,-0.04921259842519685,-0.5216535433070866,-0.047244094488188976,-0.7519685039370079,-0.045275590551181105,-0.8877952755905512,-0.03543307086614173,-1.0,0.07874015748031496,-0.4940944881889764,0.11811023622047244,-0.702755905511811,0.14173228346456693,-0.8366141732283464,0.15748031496062992,-0.9468503937007874,0.20078740157480315,-0.4311023622047244,0.281496062992126,-0.5846456692913385,0.33267716535433073,-0.6791338582677166,0.37401574803149606,-0.7618110236220472
0,0.0,0.0,-0.2019607843137255,-0.09019607843137255,-0.3392156862745098,-0.2549019607843137,-0.4117647058823529,-0.40784313725490196,-0.4823529411764706,-0.5176470588235295,-0.17254901960784313,-0.5058823529411764,-0.2,-0.7156862745098039,-0.20784313725490197,-0.8372549019607843,-0.20784313725490197,-0.9333333333333333,-0.0392156862745098,-0.5254901960784314,-0.03725490196078431,-0.7568627450980392,-0.03529411764705882,-0.8901960784313725,-0.027450980392156862,-1.0,0.08627450980392157,-0.49607843137254903,0.12745098039215685,-0.703921568627451,0.14901960784313725,-0.8372549019607843,0.16470588235294117,-0.9450980392156862,0.20784313725490197,-0.43333333333333335,0.28823529411764703,-0.5862745098039216,0.3411764705882353,-0.6803921568627451,0.3843137254901961,-0.7627450980392156
0,0.0,0.0,-0.19921875,-0.08984375,-0.3359375,-0.255859375,-0.40625,-0.408203125,-0.474609375,-0.515625,-0.166015625,-0.50390625,-0.19140625,-0.712890625,-0.201171875,-0.83203125,-0.203125,-0.927734375,-0.03515625,-0.521484375,-0.02734375,-0.751953125,-0.02734375,-0.888671875,-0.021484375,-1.0,0.087890625,-0.490234375,0.126953125,-0.69921875,0.146484375,-0.8359375,0.16015625,-0.94921875,0.205078125,-0.421875,0.287109375,-0.576171875,0.33984375,-0.673828125,0.3828125,-0.76171875
0,0.0,0.0,-0.1992110453648915,-0.09072978303747535,-0.33727810650887574,-0.2504930966469428,-0.40631163708086787,-0.39644970414201186,-0.47534516765285995,-0.5029585798816568,-0.16765285996055226,-0.5009861932938856,-0.19723865877712032,-0.7061143984220908,-0.20710059171597633,-0.8244575936883629,-0.21104536489151873,-0.9250493096646942,-0.03747534516765286,-0.5207100591715976,-0.03550295857988166,-0.7495069033530573,-0.03550295857988166,-0.8856015779092702,-0.027613412228796843,-1.0,0.08284023668639054,-0.4930966469428008,0.1282051282051282,-0.7001972386587771,0.15384615384615385,-0.834319526627219,0.17357001972386588,-0.9467455621301775,0.1992110453648915,-0.42998027613412226,0.28402366863905326,-0.5818540433925049,0.33727810650887574,-0.6804733727810651,0.3806706114398422,-0.7672583826429981
0,0.0,0.0,-0.20570264765784113,-0.09164969450101833,-0.34826883910386963,-0.2505091649694501,-0.4215885947046843,-0.3971486761710794,-0.49287169042769857,-0.5030549898167006,-0.18126272912423624,-0.505091649694501,-0.21384928716904278,-0.7128309572301426,-0.22810590631364563,-0.835030549898167,-0.23421588594704684,-0.9368635437881874,-0.05091649694501019,-0.5254582484725051,-0.05702647657841141,-0.7535641547861507,-0.059063136456211814,-0.8879837067209776,-0.05295315682281059,-1.0,0.07535641547861507,-0.4989816700610998,0.1120162932790224,-0.7046843177189409,0.13034623217922606,-0.8391038696537678,0.1446028513238289,-0.9490835030549898,0.1955193482688391,-0.43584521384928715,0.2790224032586558,-0.5865580448065173,0.329938900203666,-0.6863543788187373,0.3727087576374745,-0.7739307535641547
0,0.0,0.0,-0.20040899795501022,-0.081799591002045,-0.34355828220858897,-0.2392638036809816,-0.4212678936605317,-0.3824130879345603,-0.49897750511247446,-0.48466257668711654,-0.18200408997955012,-0.49284253578732107,-0.2147239263803681,-0.6973415132924335,-0.2310838445807771,-0.8159509202453987,-0.24130879345603273,-0.918200408997955,-0.053169734151329244,-0.5194274028629857,-0.05112474437627812,-0.7484662576687117,-0.05725971370143149,-0.8875255623721882,-0.05521472392638037,-1.0,0.06952965235173825,-0.49284253578732107,0.11042944785276074,-0.7075664621676891,0.12883435582822086,-0.8466257668711656,0.1411042944785276,-0.9611451942740287,0.18404907975460122,-0.4294478527607362,0.26993865030674846,-0.5766871165644172,0.3210633946830266,-0.6768916155419223,0.36400817995910023,-0.7668711656441718
0,0.0,0.0,-0.19467213114754098,-0.08401639344262295,-0.33811475409836067,-0.24180327868852458,-0.41598360655737704,-0.38524590163934425,-0.4979508196721312,-0.48975409836065575,-0.17418032786885246,-0.5020491803278688,-0.20901639344262296,-0.7028688524590164,-0.22540983606557377,-0.819672131147541,-0.2336065573770492,-0.9180327868852459,-0.0471311475409836,-0.5245901639344263,-0.0471311475409836,-0.7520491803278688,-0.05327868852459016,-0.8872950819672131,-0.055327868852459015,-1.0,0.07172131147540983,-0.4959016393442623,0.11270491803278689,-0.7049180327868853,0.12704918032786885,-0.8381147540983607,0.13524590163934427,-0.9508196721311475,0.19057377049180327,-0.42827868852459017,0.27049180327868855,-0.5819672131147541,0.3155737704918033,-0.6844262295081968,0.35040983606557374,-0.7766393442622951
0,0.0,0.0,-0.19467213114754098,-0.08401639344262295,-0.32991803278688525,-0.23975409836065573,-0.4077868852459016,-0.38114754098360654,-0.48770491803278687,-0.48360655737704916,-0.1762295081967213,-0.4979508196721312,-0.20491803278688525,-0.7028688524590164,-0.22131147540983606,-0.819672131147541,-0.22950819672131148,-0.9180327868852459,-0.05327868852459016,-0.5225409836065574,-0.05122950819672131,-0.75,-0.05942622950819672,-0.889344262295082,-0.06352459016393443,-1.0,0.06352459016393443,-0.4959016393442623,0.10245901639344263,-0.7090163934426229,0.1168032786885246,-0.8504098360655737,0.12704918032786885,-0.9631147540983607,0.1762295081967213,-0.430327868852459,0.26024590163934425,-0.5819672131147541,0.3135245901639344,-0.6864754098360656,0.35655737704918034,-0.7766393442622951
0,0.0,0.0,-0.1908713692946058,-0.08506224066390042,-0.3278008298755187,-0.23651452282157676,-0.4066390041493776,-0.37344398340248963,-0.487551867219917,-0.475103734439834,-0.17219917012448133,-0.49377593360995853,-0.2053941908713693,-0.6950207468879668,-0.22199170124481327,-0.8112033195020747,-0.23443983402489627,-0.9128630705394191,-0.04771784232365145,-0.516597510373444,-0.05186721991701245,-0.7448132780082988,-0.06224066390041494,-0.8858921161825726,-0.06639004149377593,-1.0,0.06846473029045644,-0.49377593360995853,0.1037344398340249,-0.7033195020746889,0.12033195020746888,-0.8443983402489627,0.13278008298755187,-0.9585062240663901,0.1825726141078838,-0.42946058091286304,0.26141078838174275,-0.5850622406639004,0.3112033195020747,-0.6908713692946058,0.35477178423236516,-0.7842323651452282
0,0.0,0.0,-0.1940928270042194,-0.08438818565400844,-0.3291139240506329,-0.23628691983122363,-0.4029535864978903,-0.3755274261603376,-0.4810126582278481,-0.47890295358649787,-0.1729957805907173,-0.4936708860759494,-0.20253164556962025,-0.6919831223628692,-0.21940928270042195,-0.810126582278481,-0.229957805907173,-0.9092827004219409,-0.05063291139240506,-0.5189873417721519,-0.05063291139240506,-0.7447257383966245,-0.06118143459915612,-0.8860759493670886,-0.06751054852320675,-1.0,0.06751054852320675,-0.4936708860759494,0.10337552742616034,-0.7046413502109705,0.11392405063291139,-0.8417721518987342,0.1160337552742616,-0.9514767932489452,0.18143459915611815,-0.43037974683544306,0.26371308016877637,-0.5864978902953587,0.310126582278481,-0.689873417721519,0.3438818565400844,-0.7827004219409283
0,0.0,0.0,-0.18672199170124482,-0.08298755186721991,-0.31950207468879666,-0.23858921161825727,-0.3941908713692946,-0.37344398340248963,-0.46680497925311204,-0.47717842323651455,-0.16597510373443983,-0.491701244813278,-0.19294605809128632,-0.6846473029045643,-0.2095435684647303,-0.8008298755186722,-0.22406639004149378,-0.8962655601659751,-0.04564315352697095,-0.5145228215767634,-0.04771784232365145,-0.7427385892116183,-0.056016597510373446,-0.8838174273858921,-0.06431535269709543,-1.0,0.06639004149377593,-0.4896265560165975,0.10580912863070539,-0.7053941908713693,0.11825726141078838,-0.8443983402489627,0.12655601659751037,-0.9605809128630706,0.17842323651452283,-0.42531120331950206,0.26141078838174275,-0.578838174273859,0.3070539419087137,-0.6825726141078838,0.34439834024896265,-0.7780082987551867
0,0.0,0.0,-0.18930041152263374,-0.08436213991769548,-0.3230452674897119,-0.24074074074074073,-0.39711934156378603,-0.3786008230452675,-0.4711934156378601,-0.4794238683127572,-0.1728395061728395,-0.49382716049382713,-0.20164609053497942,-0.691358024691358,-0.21810699588477367,-0.8106995884773662,-0.23045267489711935,-0.9074074074074074,-0.053497942386831275,-0.5164609053497943,-0.053497942386831275,-0.7469135802469136,-0.06172839506172839,-0.8847736625514403,-0.06790123456790123,-1.0,0.06172839506172839,-0.49176954732510286,0.09876543209876543,-0.7037037037037037,0.10905349794238683,-0.8436213991769548,0.1111111111111111,-0.9609053497942387,0.17695473251028807,-0.42592592592592593,0.2551440329218107,-0.5802469135802469,0.3045267489711934,-0.6831275720164609,0.34156378600823045,-0.7716049382716049
0,0.0,0.0,-0.1887966804979253,-0.08921161825726141,-0.3257261410788382,-0.24688796680497926,-0.4004149377593361,-0.38589211618257263,-0.475103734439834,-0.487551867219917,-0.16182572614107885,-0.504149377593361,-0.1950207468879668,-0.7033195020746889,-0.21369294605809128,-0.8195020746887967,-0.23236514522821577,-0.91701244813278,-0.04149377593360996,-0.524896265560166,-0.04149377593360996,-0.7510373443983402,-0.05186721991701245,-0.8858921161825726,-0.06016597510373444,-1.0,0.07261410788381743,-0.49377593360995853,0.11618257261410789,-0.7033195020746889,0.13070539419087138,-0.8402489626556017,0.13485477178423236,-0.9543568464730291,0.18672199170124482,-0.42531120331950206,0.2697095435684647,-0.5746887966804979,0.3153526970954357,-0.6742738589211619,0.34854771784232363,-0.7634854771784232
0,0.0,0.0,-0.19753086419753085,-0.08847736625514403,-0.3395061728395062,-0.24074074074074073,-0.4156378600823045,-0.3786008230452675,-0.4897119341563786,-0.48148148148148145,-0.17901234567901234,-0.5020576131687243,-0.20987654320987653,-0.7037037037037037,-0.22633744855967078,-0.8189300411522634,-0.2366255144032922,-0.9156378600823045,-0.053497942386831275,-0.522633744855967,-0.05555555555555555,-0.7469135802469136,-0.059670781893004114,-0.8847736625514403,-0.06172839506172839,-1.0,0.06790123456790123,-0.49382716049382713,0.10493827160493827,-0.6954732510288066,0.12139917695473251,-0.8251028806584362,0.12962962962962962,-0.9362139917695473,0.18930041152263374,-0.4279835390946502,0.26337448559670784,-0.5761316872427984,0.30864197530864196,-0.6728395061728395,0.3436213991769547,-0.7613168724279835
0,0.0,0.0,-0.20204081632653062,-0.08979591836734693,-0.3469387755102041,-0.24897959183673468,-0.42653061224489797,-0.39183673469387753,-0.5081632653061224,-0.4959183673469388,-0.1816326530612245,-0.49795918367346936,-0.21224489795918366,-0.6959183673469388,-0.23061224489795917,-0.810204081632653,-0.24693877551020407,-0.9081632653061225,-0.053061224489795916,-0.5204081632653061,-0.05102040816326531,-0.7448979591836735,-0.05918367346938776,-0.8836734693877552,-0.06326530612244897,-1.0,0.06938775510204082,-0.49183673469387756,0.10408163265306122,-0.7,0.12040816326530612,-0.8367346938775511,0.12857142857142856,-0.9530612244897959,0.18571428571428572,-0.42244897959183675,0.2673469387755102,-0.573469387755102,0.3142857142857143,-0.6795918367346939,0.35306122448979593,-0.7775510204081633
0,0.0,0.0,-0.20449897750511248,-0.08384458077709611,-0.3558282208588957,-0.23721881390593047,-0.4335378323108384,-0.38445807770961143,-0.49897750511247446,-0.49284253578732107,-0.18609406952965235,-0.49693251533742333,-0.21881390593047034,-0.7014314928425358,-0.2392638036809816,-0.8241308793456033,-0.25153374233128833,-0.9284253578732107,-0.05521472392638037,-0.5194274028629857,-0.06134969325153374,-0.7484662576687117,-0.07157464212678936,-0.885480572597137,-0.07157464212678936,-1.0,0.06952965235173825,-0.4948875255623722,0.10429447852760736,-0.7034764826175869,0.12065439672801637,-0.8384458077709611,0.13496932515337423,-0.950920245398773,0.19222903885480572,-0.4335378323108384,0.26993865030674846,-0.5869120654396728,0.31901840490797545,-0.6871165644171779,0.35991820040899797,-0.7770961145194274
0,0.0,0.0,-0.20773930753564154,-0.08757637474541752,-0.35845213849287166,-0.24439918533604887,-0.43380855397148677,-0.3971486761710794,-0.5010183299389002,-0.5091649694501018,-0.18533604887983707,-0.4989816700610998,-0.21792260692464357,-0.7046843177189409,-0.23625254582484725,-0.8268839103869654,-0.2505091649694501,-0.9307535641547862,-0.054989816700611,-0.5234215885947047,-0.059063136456211814,-0.7474541751527495,-0.06924643584521385,-0.8839103869653768,-0.07535641547861507,-1.0,0.07128309572301425,-0.4989816700610998,0.10386965376782077,-0.7026476578411406,0.11812627291242363,-0.8309572301425662,0.12627291242362526,-0.9429735234215886,0.1934826883910387,-0.4378818737270876,0.2708757637474542,-0.5845213849287169,0.319755600814664,-0.6822810590631364,0.3564154786150713,-0.7718940936863544
0,0.0,0.0,-0.20850202429149797,-0.08906882591093117,-0.3562753036437247,-0.24898785425101214,-0.4251012145748988,-0.39878542510121456,-0.4979757085020243,-0.5080971659919028,-0.1862348178137652,-0.5101214574898786,-0.2145748987854251,-0.7125506072874493,-0.22672064777327935,-0.8279352226720648,-0.23481781376518218,-0.9271255060728745,-0.05060728744939271,-0.5303643724696356,-0.05060728744939271,-0.7550607287449392,-0.05263157894736842,-0.888663967611336,-0.05263157894736842,-1.0,0.07894736842105263,-0.4979757085020243,0.11133603238866396,-0.708502024291498,0.13360323886639677,-0.8421052631578947,0.145748987854251,-0.9534412955465587,0.20647773279352227,-0.4251012145748988,0.2834008097165992,-0.5769230769230769,0.3299595141700405,-0.6761133603238867,0.3643724696356275,-0.7672064777327935
0,0.0,0.0,-0.2085889570552147,-0.09202453987730061,-0.35787321063394684,-0.25357873210633947,-0.43149284253578735,-0.40899795501022496,-0.49897750511247446,-0.5214723926380368,-0.18404907975460122,-0.5132924335378323,-0.2167689161554192,-0.7239263803680982,-0.2310838445807771,-0.8445807770961146,-0.24130879345603273,-0.950920245398773,-0.049079754601226995,-0.5316973415132924,-0.04703476482617587,-0.7566462167689162,-0.049079754601226995,-0.8895705521472392,-0.04703476482617587,-1.0,0.07975460122699386,-0.5010224948875256,0.12065439672801637,-0.7014314928425358,0.1390593047034765,-0.8302658486707567,0.15337423312883436,-0.9386503067484663,0.2065439672801636,-0.43149284253578735,0.28629856850715746,-0.5828220858895705,0.3333333333333333,-0.6768916155419223,0.37014314928425357,-0.7607361963190185
0,0.0,0.0,-0.2,-0.0891089108910891,-0.3465346534653465,-0.2514851485148515,-0.4178217821782178,-0.4079207920792079,-0.48514851485148514,-0.5227722772277228,-0.1782178217821782,-0.500990099009901,-0.20396039603960395,-0.7069306930693069,-0.21188118811881188,-0.8237623762376237,-0.21584158415841584,-0.9207920792079208,-0.039603960396039604,-0.5227722772277228,-0.031683168316831684,-0.7504950495049505,-0.031683168316831684,-0.8871287128712871,-0.02574257425742574,-1.0,0.0891089108910891,-0.4910891089108911,0.13267326732673268,-0.699009900990099,0.15643564356435644,-0.8336633663366336,0.1702970297029703,-0.9485148514851485,0.21188118811881188,-0.4178217821782178,0.29306930693069305,-0.5702970297029702,0.3425742574257426,-0.6673267326732674,0.3782178217821782,-0.7504950495049505
0,0.0,0.0,-0.19960861056751467,-0.09197651663405088,-0.3424657534246575,-0.2563600782778865,-0.4090019569471624,-0.410958904109589,-0.46966731898238745,-0.5244618395303327,-0.16829745596868884,-0.5009784735812133,-0.19960861056751467,-0.7045009784735812,-0.20743639921722112,-0.8238747553816047,-0.20743639921722112,-0.923679060665362,-0.03522504892367906,-0.5225048923679061,-0.03131115459882583,-0.7514677103718199,-0.029354207436399216,-0.8864970645792564,-0.01761252446183953,-1.0,0.09001956947162426,-0.4911937377690802,0.13111545988258316,-0.700587084148728,0.15655577299412915,-0.8356164383561644,0.1761252446183953,-0.9471624266144814,0.21135029354207435,-0.4227005870841487,0.29549902152641877,-0.5733855185909981,0.34637964774951074,-0.6692759295499021,0.38943248532289626,-0.7534246575342466
0,0.0,0.0,-0.20245398773006135,-0.09611451942740286,-0.3476482617586912,-0.25766871165644173,-0.4212678936605317,-0.40899795501022496,-0.49079754601226994,-0.5173824130879345,-0.1738241308793456,-0.50920245398773,-0.20245398773006135,-0.7096114519427403,-0.2147239263803681,-0.8261758691206544,-0.2229038854805726,-0.9243353783231084,-0.0408997955010225,-0.5296523517382413,-0.03680981595092025,-0.754601226993865,-0.03680981595092025,-0.8875255623721882,-0.028629856850715747,-1.0,0.08384458077709611,-0.5030674846625767,0.12678936605316973,-0.7075664621676891,0.147239263803681,-0.8384458077709611,0.16359918200409,-0.9488752556237219,0.2085889570552147,-0.4396728016359918,0.2903885480572597,-0.5930470347648262,0.34151329243353784,-0.6932515337423313,0.3824130879345603,-0.7852760736196319
0,0.0,0.0,-0.18329938900203666,-0.09572301425661914,-0.3054989816700611,-0.2606924643584521,-0.3665987780040733,-0.40529531568228105,-0.4419551934826884,-0.5112016293279023,-0.1425661914460285,-0.4969450101832994,-0.1629327902240326,-0.6945010183299389,-0.18329938900203666,-0.8126272912423625,-0.19959266802443992,-0.9124236252545825,-0.02240325865580448,-0.515274949083503,-0.016293279022403257,-0.7433808553971487,-0.026476578411405296,-0.8839103869653768,-0.03665987780040733,-1.0,0.09164969450101833,-0.4908350305498982,0.13238289205702647,-0.7067209775967414,0.14663951120162932,-0.8492871690427699,0.15274949083503056,-0.9653767820773931,0.19959266802443992,-0.42769857433808556,0.27494908350305497,-0.5804480651731161,0.31568228105906315,-0.6863543788187373,0.3421588594704684,-0.7820773930753564
0,0.0,0.0,-0.15113871635610765,-0.12629399585921325,-0.2277432712215321,-0.3002070393374741,-0.2670807453416149,-0.422360248447205,-0.3084886128364389,-0.5217391304347826,-0.11180124223602485,-0.5279503105590062,-0.10766045548654245,-0.7080745341614907,-0.13043478260869565,-0.8281573498964804,-0.15527950310559005,-0.927536231884058,-0.053830227743271224,-0.5196687370600414,-0.031055900621118012,-0.7329192546583851,-0.037267080745341616,-0.8737060041407867,-0.043478260869565216,-1.0,0.006211180124223602,-0.4720496894409938,0.06832298136645963,-0.6708074534161491,0.08281573498964803,-0.8095238095238095,0.08902691511387163,-0.9296066252587992,0.06418219461697723,-0.391304347826087,0.13457556935817805,-0.5403726708074534,0.15320910973084886,-0.650103519668737,0.16563146997929606,-0.7515527950310559
0,0.0,0.0,-0.17180616740088106,-0.16079295154185022,-0.21365638766519823,-0.34801762114537443,-0.23348017621145375,-0.4889867841409692,-0.2444933920704846,-0.6013215859030837,-0.11233480176211454,-0.4977973568281938,-0.0947136563876652,-0.7004405286343612,-0.09911894273127753,-0.8458149779735683,-0.10352422907488987,-0.9647577092511013,-0.07268722466960352,-0.486784140969163,-0.06607929515418502,-0.7158590308370044,-0.07709251101321586,-0.8656387665198237,-0.08370044052863436,-1.0,-0.037444933920704845,-0.460352422907489,-0.02643171806167401,-0.6762114537444934,-0.04185022026431718,-0.8215859030837004,-0.05726872246696035,-0.9361233480176211,-0.022026431718061675,-0.4185022026431718,-0.004405286343612335,-0.579295154185022,-0.00881057268722467,-0.6938325991189427,-0.015418502202643172,-0.788546255506608
0,0.0,0.0,-0.09030837004405286,-0.15638766519823788,-0.09251101321585903,-0.33259911894273125,-0.08590308370044053,-0.4647577092511013,-0.09911894273127753,-0.5704845814977973,0.028634361233480177,-0.43392070484581496,0.00881057268722467,-0.6585903083700441,-0.024229074889867842,-0.8127753303964758,-0.05947136563876652,-0.9361233480176211,0.028634361233480177,-0.43612334801762115,0.0022026431718061676,-0.6960352422907489,-0.037444933920704845,-0.8678414096916299,-0.07488986784140969,-1.0,-0.011013215859030838,-0.42731277533039647,-0.030837004405286344,-0.6828193832599119,-0.06607929515418502,-0.8524229074889867,-0.09911894273127753,-0.9823788546255506,-0.09251101321585903,-0.3986784140969163,-0.11894273127753303,-0.5814977973568282,-0.15198237885462554,-0.7070484581497798,-0.18502202643171806,-0.8105726872246696
0,0.0,0.0,-0.013452914798206279,-0.17040358744394618,-0.017937219730941704,-0.35201793721973096,-0.042600896860986545,-0.484304932735426,-0.08968609865470852,-0.57847533632287,0.033632286995515695,-0.44170403587443946,0.011210762331838564,-0.6659192825112108,-0.02466367713004484,-0.820627802690583,-0.06278026905829596,-0.9349775784753364,0.002242152466367713,-0.4484304932735426,-0.02242152466367713,-0.7107623318385651,-0.06726457399103139,-0.8766816143497758,-0.10986547085201794,-1.0,-0.06502242152466367,-0.437219730941704,-0.08520179372197309,-0.6905829596412556,-0.1210762331838565,-0.8565022421524664,-0.1547085201793722,-0.9775784753363229,-0.1726457399103139,-0.4013452914798206,-0.21300448430493274,-0.5829596412556054,-0.2556053811659193,-0.7062780269058296,-0.2982062780269058,-0.8026905829596412
0,0.0,0.0,0.04504504504504504,-0.21396396396396397,0.04054054054054054,-0.40315315315315314,0.0045045045045045045,-0.536036036036036,-0.04279279279279279,-0.6216216216216216,0.05405405405405406,-0.46846846846846846,0.0472972972972973,-0.6936936936936937,0.018018018018018018,-0.8445945945945946,-0.015765765765765764,-0.9459459459459459,-0.013513513513513514,-0.45495495495495497,-0.02702702702702703,-0.7094594594594594,-0.07882882882882883,-0.8761261261261262,-0.13288288288288289,-1.0,-0.10810810810810811,-0.4166666666666667,-0.13513513513513514,-0.6554054054054054,-0.18243243243243243,-0.8130630630630631,-0.22297297297297297,-0.9346846846846847,-0.23423423423423423,-0.35135135135135137,-0.2905405405405405,-0.5202702702702703,-0.34234234234234234,-0.6328828828828829,-0.3918918918918919,-0.7297297297297297
0,0.0,0.0,0.08185840707964602,-0.21017699115044247,0.07964601769911504,-0.40486725663716816,0.028761061946902654,-0.5442477876106194,-0.03982300884955752,-0.6283185840707964,0.08849557522123894,-0.45132743362831856,0.08185840707964602,-0.6946902654867256,0.06637168141592921,-0.8539823008849557,0.0420353982300885,-0.9646017699115044,-0.00663716814159292,-0.4336283185840708,-0.024336283185840708,-0.7013274336283186,-0.06415929203539823,-0.8716814159292036,-0.10398230088495575,-1.0,-0.1261061946902655,-0.38495575221238937,-0.17256637168141592,-0.6283185840707964,-0.23008849557522124,-0.7809734513274337,-0.27876106194690264,-0.9070796460176991,-0.2610619469026549,-0.3075221238938053,-0.3473451327433628,-0.4756637168141593,-0.41814159292035397,-0.577433628318584,-0.4778761061946903,-0.6747787610619469
0,0.0,0.0,0.12447257383966245,-0.17088607594936708,0.189873417721519,-0.35654008438818563,0.21518987341772153,-0.5168776371308017,0.21940928270042195,-0.6223628691983122,0.08016877637130802,-0.4430379746835443,0.08438818565400844,-0.7025316455696202,0.08227848101265822,-0.8586497890295358,0.07805907172995781,-0.9767932489451476,-0.04852320675105485,-0.42616033755274263,-0.09071729957805907,-0.6962025316455697,-0.12236286919831224,-0.8670886075949367,-0.1540084388185654,-1.0,-0.1751054852320675,-0.37341772151898733,-0.2616033755274262,-0.6054852320675106,-0.3206751054852321,-0.7531645569620253,-0.3691983122362869,-0.8713080168776371,-0.29324894514767935,-0.29324894514767935,-0.4029535864978903,-0.4472573839662447,-0.47468354430379744,-0.5485232067510548,-0.5358649789029536,-0.6413502109704642
0,0.0,0.0,0.14078674948240166,-0.16356107660455488,0.2236024844720497,-0.35196687370600416,0.2629399585921325,-0.515527950310559,0.2795031055900621,-0.639751552795031,0.08074534161490683,-0.4472049689440994,0.08281573498964803,-0.7080745341614907,0.07867494824016563,-0.8571428571428571,0.06625258799171843,-0.9751552795031055,-0.055900621118012424,-0.42650103519668736,-0.10973084886128365,-0.7018633540372671,-0.14492753623188406,-0.8695652173913043,-0.17805383022774326,-1.0,-0.18426501035196688,-0.37060041407867494,-0.2836438923395445,-0.6045548654244306,-0.34368530020703936,-0.7639751552795031,-0.39337474120082816,-0.8881987577639752,-0.28778467908902694,-0.2919254658385093,-0.4057971014492754,-0.453416149068323,-0.474120082815735,-0.556935817805383,-0.5341614906832298,-0.650103519668737
0,0.0,0.0,0.15757575757575756,-0.16363636363636364,0.23434343434343435,-0.3474747474747475,0.26666666666666666,-0.509090909090909,0.296969696969697,-0.6303030303030303,0.07878787878787878,-0.46464646464646464,0.0707070707070707,-0.7212121212121212,0.06060606060606061,-0.8666666666666667,0.050505050505050504,-0.9858585858585859,-0.06262626262626263,-0.4404040404040404,-0.1292929292929293,-0.7111111111111111,-0.1696969696969697,-0.8747474747474747,-0.20404040404040405,-1.0,-0.18787878787878787,-0.3838383838383838,-0.2909090909090909,-0.6141414141414141,-0.3474747474747475,-0.7616161616161616,-0.3898989898989899,-0.8747474747474747,-0.2868686868686869,-0.3090909090909091,-0.4,-0.46464646464646464,-0.45656565656565656,-0.5636363636363636,-0.503030303030303,-0.6505050505050505
0,0.0,0.0,0.16155419222903886,-0.16973415132924335,0.23721881390593047,-0.3619631901840491,0.2719836400817996,-0.5316973415132924,0.310838445807771,-0.656441717791411,0.05521472392638037,-0.4867075664621677,0.03680981595092025,-0.7361963190184049,0.026584867075664622,-0.8793456032719836,0.014314928425357873,-1.0,-0.09202453987730061,-0.4621676891615542,-0.17177914110429449,-0.721881390593047,-0.21267893660531698,-0.8752556237218814,-0.24948875255623723,-0.9959100204498977,-0.2167689161554192,-0.40081799591002043,-0.3292433537832311,-0.6196319018404908,-0.39263803680981596,-0.7607361963190185,-0.4437627811860941,-0.8670756646216768,-0.310838445807771,-0.3231083844580777,-0.4294478527607362,-0.47648261758691207,-0.49693251533742333,-0.5746421267893661,-0.5521472392638037,-0.6584867075664622
0,0.0,0.0,0.15734989648033126,-0.17184265010351968,0.2360248447204969,-0.36853002070393376,0.2732919254658385,-0.5424430641821946,0.3146997929606625,-0.6708074534161491,0.051759834368530024,-0.47619047619047616,0.026915113871635612,-0.7370600414078675,0.010351966873706004,-0.8819875776397516,-0.008281573498964804,-1.0,-0.09523809523809523,-0.4451345755693582,-0.18633540372670807,-0.7204968944099379,-0.23809523809523808,-0.8799171842650103,-0.2836438923395445,-0.9979296066252588,-0.2194616977225673,-0.3830227743271222,-0.33747412008281574,-0.6169772256728778,-0.40372670807453415,-0.7639751552795031,-0.4554865424430642,-0.8695652173913043,-0.31262939958592134,-0.3064182194616977,-0.43685300207039335,-0.46790890269151136,-0.5010351966873706,-0.567287784679089,-0.5548654244306418,-0.650103519668737
0,0.0,0.0,0.15082644628099173,-0.1756198347107438,0.22933884297520662,-0.371900826446281,0.2706611570247934,-0.5454545454545454,0.31611570247933884,-0.6714876033057852,0.03512396694214876,-0.49793388429752067,0.004132231404958678,-0.7479338842975206,-0.012396694214876033,-0.8863636363636364,-0.028925619834710745,-1.0,-0.11363636363636363,-0.4628099173553719,-0.1962809917355372,-0.7252066115702479,-0.23760330578512398,-0.8801652892561983,-0.27479338842975204,-0.9979338842975206,-0.23553719008264462,-0.39669421487603307,-0.34710743801652894,-0.6074380165289256,-0.4090909090909091,-0.7417355371900827,-0.45661157024793386,-0.8409090909090909,-0.3243801652892562,-0.3140495867768595,-0.44214876033057854,-0.4607438016528926,-0.506198347107438,-0.5537190082644629,-0.5578512396694215,-0.6322314049586777
0,0.0,0.0,0.14345991561181434,-0.18565400843881857,0.2109704641350211,-0.3924050632911392,0.2489451476793249,-0.5675105485232067,0.2890295358649789,-0.6983122362869199,0.008438818565400843,-0.4936708860759494,-0.035864978902953586,-0.7383966244725738,-0.06329113924050633,-0.879746835443038,-0.09071729957805907,-1.0,-0.1371308016877637,-0.44936708860759494,-0.23839662447257384,-0.70042194092827,-0.29324894514767935,-0.8607594936708861,-0.34177215189873417,-0.989451476793249,-0.25738396624472576,-0.3755274261603376,-0.39451476793248946,-0.5822784810126582,-0.47468354430379744,-0.7215189873417721,-0.5337552742616034,-0.8291139240506329,-0.34177215189873417,-0.29324894514767935,-0.47257383966244726,-0.4451476793248945,-0.5443037974683544,-0.5464135021097046,-0.6012658227848101,-0.6329113924050633
0,0.0,0.0,0.14130434782608695,-0.19130434782608696,0.19782608695652174,-0.4043478260869565,0.22826086956521738,-0.5826086956521739,0.26956521739130435,-0.7152173913043478,-0.02826086956521739,-0.5108695652173914,-0.08478260869565217,-0.7478260869565218,-0.11739130434782609,-0.8869565217391304,-0.15,-1.0,-0.17608695652173914,-0.4652173913043478,-0.29130434782608694,-0.7086956521739131,-0.358695652173913,-0.8608695652173913,-0.41739130434782606,-0.9804347826086957,-0.29347826086956524,-0.3847826086956522,-0.4326086956521739,-0.5847826086956521,-0.5152173913043478,-0.717391304347826,-0.5804347826086956,-0.8195652173913044,-0.3717391304347826,-0.29130434782608694,-0.5065217391304347,-0.4260869565217391,-0.5826086956521739,-0.5108695652173914,-0.65,-0.5847826086956521
0,0.0,0.0,0.1324200913242009,-0.2146118721461187,0.17123287671232876,-0.4406392694063927,0.18949771689497716,-0.6278538812785388,0.228310502283105,-0.7625570776255708,-0.09360730593607305,-0.5319634703196348,-0.19406392694063926,-0.7557077625570776,-0.24885844748858446,-0.8904109589041096,-0.2990867579908676,-1.0,-0.2465753424657534,-0.4657534246575342,-0.4041095890410959,-0.6986301369863014,-0.4908675799086758,-0.8470319634703196,-0.5616438356164384,-0.9634703196347032,-0.3561643835616438,-0.3721461187214612,-0.5319634703196348,-0.5616438356164384,-0.632420091324201,-0.6940639269406392,-0.7123287671232876,-0.7990867579908676,-0.4246575342465753,-0.2671232876712329,-0.5799086757990868,-0.3949771689497717,-0.6666666666666666,-0.4794520547945205,-0.7374429223744292,-0.5502283105022832
0,0.0,0.0,0.12121212121212122,-0.2400932400932401,0.1561771561771562,-0.47086247086247085,0.17016317016317017,-0.655011655011655,0.2097902097902098,-0.7972027972027972,-0.11888111888111888,-0.5314685314685315,-0.24475524475524477,-0.7599067599067599,-0.32167832167832167,-0.8927738927738927,-0.38694638694638694,-1.0,-0.2727272727272727,-0.4428904428904429,-0.48484848484848486,-0.6713286713286714,-0.6037296037296037,-0.8205128205128205,-0.6923076923076923,-0.9347319347319347,-0.38461538461538464,-0.3333333333333333,-0.6083916083916084,-0.5221445221445221,-0.7249417249417249,-0.6526806526806527,-0.8065268065268065,-0.752913752913753,-0.44755244755244755,-0.2261072261072261,-0.6433566433566433,-0.351981351981352,-0.745920745920746,-0.44522144522144524,-0.8228438228438228,-0.5268065268065268
0,0.0,0.0,0.09930715935334873,-0.2471131639722864,0.10161662817551963,-0.4780600461893764,0.10392609699769054,-0.6651270207852193,0.14780600461893764,-0.8060046189376443,-0.15935334872979215,-0.5242494226327945,-0.2979214780600462,-0.7598152424942263,-0.37644341801385683,-0.8937644341801386,-0.44803695150115475,-1.0,-0.2956120092378753,-0.4341801385681293,-0.5034642032332564,-0.6628175519630485,-0.628175519630485,-0.8036951501154734,-0.7297921478060047,-0.9099307159353349,-0.394919168591224,-0.3210161662817552,-0.6166281755196305,-0.49884526558891457,-0.7528868360277137,-0.6166281755196305,-0.859122401847575,-0.7066974595842956,-0.45496535796766746,-0.20323325635103925,-0.6535796766743649,-0.30484988452655887,-0.7644341801385681,-0.37644341801385683,-0.859122401847575,-0.4387990762124711
0,0.0,0.0,0.083710407239819,-0.24434389140271492,0.08823529411764706,-0.47737556561085975,0.08823529411764706,-0.6583710407239819,0.13800904977375567,-0.7873303167420814,-0.15384615384615385,-0.5361990950226244,-0.28054298642533937,-0.7647058823529411,-0.3597285067873303,-0.8914027149321267,-0.4321266968325792,-1.0,-0.2850678733031674,-0.4502262443438914,-0.47058823529411764,-0.6719457013574661,-0.5859728506787331,-0.8031674208144797,-0.6832579185520362,-0.9049773755656109,-0.38461538461538464,-0.33031674208144796,-0.5904977375565611,-0.5,-0.7217194570135747,-0.6085972850678733,-0.830316742081448,-0.6945701357466063,-0.4457013574660634,-0.20135746606334842,-0.6334841628959276,-0.29411764705882354,-0.7420814479638009,-0.3597285067873303,-0.8416289592760181,-0.416289592760181
0,0.0,0.0,0.07964601769911504,-0.23893805309734514,0.08185840707964602,-0.46238938053097345,0.07743362831858407,-0.6438053097345132,0.12389380530973451,-0.7809734513274337,-0.13053097345132744,-0.5199115044247787,-0.25663716814159293,-0.7588495575221239,-0.334070796460177,-0.8938053097345132,-0.40486725663716816,-1.0,-0.2588495575221239,-0.4358407079646018,-0.43805309734513276,-0.672566371681416,-0.5530973451327433,-0.8119469026548672,-0.6548672566371682,-0.918141592920354,-0.3561946902654867,-0.3252212389380531,-0.5553097345132744,-0.5022123893805309,-0.6792035398230089,-0.6150442477876106,-0.7809734513274337,-0.7013274336283186,-0.4225663716814159,-0.20353982300884957,-0.6084070796460177,-0.3008849557522124,-0.7234513274336283,-0.36283185840707965,-0.8252212389380531,-0.41814159292035397
0,0.0,0.0,0.06637168141592921,-0.2411504424778761,0.061946902654867256,-0.45132743362831856,0.0420353982300885,-0.6172566371681416,0.061946902654867256,-0.7433628318584071,-0.11504424778761062,-0.5132743362831859,-0.23672566371681417,-0.7566371681415929,-0.3141592920353982,-0.8915929203539823,-0.38495575221238937,-1.0,-0.23008849557522124,-0.43805309734513276,-0.40707964601769914,-0.6814159292035398,-0.5176991150442478,-0.8230088495575221,-0.6150442477876106,-0.9292035398230089,-0.32964601769911506,-0.33185840707964603,-0.5221238938053098,-0.5088495575221239,-0.6460176991150443,-0.6194690265486725,-0.7477876106194691,-0.7035398230088495,-0.40486725663716816,-0.20575221238938052,-0.5907079646017699,-0.29867256637168144,-0.7013274336283186,-0.35398230088495575,-0.8030973451327433,-0.40707964601769914
0,0.0,0.0,-0.08018867924528301,-0.22877358490566038,-0.18396226415094338,-0.42924528301886794,-0.2806603773584906,-0.5636792452830188,-0.38207547169811323,-0.6627358490566038,-0.16745283018867924,-0.5306603773584906,-0.30660377358490565,-0.7547169811320755,-0.41273584905660377,-0.8985849056603774,-0.5070754716981132,-1.0,-0.18632075471698112,-0.4834905660377358,-0.3490566037735849,-0.7216981132075472,-0.4811320754716981,-0.8726415094339622,-0.6014150943396226,-0.9834905660377359,-0.22877358490566038,-0.3915094339622642,-0.39858490566037735,-0.5919811320754716,-0.5377358490566038,-0.714622641509434,-0.6556603773584906,-0.7995283018867925,-0.2830188679245283,-0.2641509433962264,-0.43160377358490565,-0.37971698113207547,-0.5495283018867925,-0.44575471698113206,-0.6533018867924528,-0.49292452830188677
0,0.0,0.0,-0.20316027088036118,-0.045146726862302484,-0.35665914221218964,-0.17832957110609482,-0.435665914221219,-0.2979683972911964,-0.5214446952595937,-0.37020316027088035,-0.32505643340857787,-0.4604966139954853,-0.43340857787810383,-0.6478555304740407,-0.5124153498871332,-0.7562076749435666,-0.582392776523702,-0.8419864559819413,-0.22573363431151242,-0.5079006772009029,-0.327313769751693,-0.7336343115124153,-0.40632054176072235,-0.873589164785553,-0.4785553047404063,-0.9864559819413092,-0.11060948081264109,-0.5056433408577878,-0.16930022573363432,-0.7336343115124153,-0.22573363431151242,-0.8803611738148984,-0.2866817155756208,-1.0,0.013544018058690745,-0.4672686230248307,0.01805869074492099,-0.6455981941309256,0.002257336343115124,-0.7697516930022573,-0.024830699774266364,-0.8781038374717833
0,0.0,0.0,-0.2052980132450331,-0.052980132450331126,-0.36423841059602646,-0.19426048565121412,-0.45474613686534215,-0.31567328918322296,-0.5518763796909493,-0.3818984547461369,-0.32229580573951433,-0.4613686534216336,-0.4304635761589404,-0.6423841059602649,-0.5099337748344371,-0.7483443708609272,-0.5805739514348786,-0.8344370860927153,-0.22075055187637968,-0.5099337748344371,-0.32229580573951433,-0.7328918322295805,-0.3995584988962472,-0.8675496688741722,-0.47019867549668876,-0.9801324503311258,-0.10375275938189846,-0.5099337748344371,-0.16114790286975716,-0.7350993377483444,-0.2141280353200883,-0.8807947019867549,-0.271523178807947,-1.0,0.02207505518763797,-0.4746136865342163,0.033112582781456956,-0.6490066225165563,0.026490066225165563,-0.7748344370860927,0.008830022075055188,-0.8896247240618101
0,0.0,0.0,-0.21231422505307856,-0.04670912951167728,-0.37791932059447986,-0.1740976645435244,-0.4819532908704883,-0.28450106157112526,-0.5881104033970276,-0.34182590233545646,-0.3333333333333333,-0.46284501061571126,-0.4416135881104034,-0.6411889596602972,-0.5201698513800425,-0.7494692144373672,-0.5923566878980892,-0.8365180467091295,-0.22717622080679406,-0.5116772823779193,-0.3248407643312102,-0.7303609341825902,-0.4012738853503185,-0.8662420382165605,-0.4692144373673036,-0.9766454352441614,-0.1040339702760085,-0.5116772823779193,-0.15074309978768577,-0.7346072186836518,-0.19745222929936307,-0.8768577494692145,-0.2526539278131635,-1.0,0.029723991507430998,-0.46709129511677283,0.059447983014861996,-0.6369426751592356,0.06157112526539278,-0.7579617834394905,0.050955414012738856,-0.8726114649681529
0,0.0,0.0,-0.2053941908713693,-0.043568464730290454,-0.3775933609958506,-0.16804979253112035,-0.4896265560165975,-0.2842323651452282,-0.6037344398340249,-0.3506224066390041,-0.3153526970954357,-0.45020746887966806,-0.4190871369294606,-0.6327800829875518,-0.487551867219917,-0.7427385892116183,-0.549792531120332,-0.8319502074688797,-0.2074688796680498,-0.5062240663900415,-0.2966804979253112,-0.7344398340248963,-0.3630705394190871,-0.8734439834024896,-0.42323651452282157,-0.991701244813278,-0.08298755186721991,-0.5103734439834025,-0.12033195020746888,-0.7365145228215768,-0.15767634854771784,-0.8796680497925311,-0.1991701244813278,-1.0,0.04979253112033195,-0.470954356846473,0.08506224066390042,-0.6493775933609959,0.0995850622406639,-0.7697095435684648,0.1037344398340249,-0.8817427385892116
0,0.0,0.0,-0.21052631578947367,-0.048582995951417005,-0.38461538461538464,-0.17408906882591094,-0.4939271255060729,-0.29554655870445345,-0.6012145748987854,-0.3684210526315789,-0.305668016194332,-0.45546558704453444,-0.4089068825910931,-0.6437246963562753,-0.4716599190283401,-0.757085020242915,-0.5222672064777328,-0.8562753036437247,-0.1902834008097166,-0.5101214574898786,-0.2692307692307692,-0.7368421052631579,-0.3259109311740891,-0.8744939271255061,-0.3724696356275304,-0.9919028340080972,-0.06477732793522267,-0.5141700404858299,-0.0931174089068826,-0.7368421052631579,-0.1214574898785425,-0.8785425101214575,-0.15384615384615385,-1.0,0.0708502024291498,-0.4757085020242915,0.10931174089068826,-0.6538461538461539,0.13157894736842105,-0.7732793522267206,0.1437246963562753,-0.8825910931174089
0,0.0,0.0,-0.21052631578947367,-0.0465587044534413,-0.3825910931174089,-0.17611336032388664,-0.4898785425101215,-0.3016194331983806,-0.5931174089068826,-0.3805668016194332,-0.2894736842105263,-0.45951417004048584,-0.39068825910931176,-0.645748987854251,-0.4493927125506073,-0.7591093117408907,-0.5,-0.854251012145749,-0.17408906882591094,-0.5141700404858299,-0.23684210526315788,-0.742914979757085,-0.2854251012145749,-0.8785425101214575,-0.32186234817813764,-0.9898785425101214,-0.048582995951417005,-0.5121457489878543,-0.06882591093117409,-0.7368421052631579,-0.0931174089068826,-0.8805668016194332,-0.1194331983805668,-1.0,0.08299595141700405,-0.46963562753036436,0.12550607287449392,-0.6417004048582996,0.14777327935222673,-0.757085020242915,0.16194331983805668,-0.8643724696356275
0,0.0,0.0,-0.21181262729124237,-0.048879837067209775,-0.38085539714867617,-0.17922606924643583,-0.48879837067209775,-0.3095723014256619,-0.5926680244399185,-0.3910386965376782,-0.285132382892057,-0.46028513238289204,-0.38289205702647655,-0.6558044806517311,-0.4378818737270876,-0.7718940936863544,-0.48268839103869654,-0.8676171079429735,-0.1629327902240326,-0.5112016293279023,-0.2240325865580448,-0.7474541751527495,-0.2708757637474542,-0.8859470468431772,-0.3054989816700611,-1.0,-0.034623217922606926,-0.5091649694501018,-0.04684317718940937,-0.7311608961303462,-0.06720977596741344,-0.8737270875763747,-0.08961303462321792,-0.9938900203665988,0.09572301425661914,-0.4663951120162933,0.1425661914460285,-0.6354378818737271,0.1670061099796334,-0.745417515274949,0.18533604887983707,-0.8411405295315683
0,0.0,0.0,-0.20892494929006086,-0.056795131845841784,-0.37322515212981744,-0.18864097363083165,-0.4726166328600406,-0.3184584178498986,-0.565922920892495,-0.4056795131845842,-0.26774847870182555,-0.47058823529411764,-0.35496957403651114,-0.6673427991886409,-0.40365111561866124,-0.7809330628803245,-0.44421906693711966,-0.8782961460446247,-0.1440162271805274,-0.5172413793103449,-0.19066937119675456,-0.7484787018255578,-0.22718052738336714,-0.8843813387423936,-0.2535496957403651,-1.0,-0.016227180527383367,-0.5111561866125761,-0.02231237322515213,-0.7241379310344828,-0.036511156186612576,-0.8620689655172413,-0.05476673427991886,-0.9776876267748479,0.11561866125760649,-0.4645030425963489,0.16227180527383367,-0.6288032454361054,0.19066937119675456,-0.7342799188640974,0.2129817444219067,-0.8275862068965517
0,0.0,0.0,-0.20717131474103587,-0.061752988047808766,-0.36852589641434264,-0.20119521912350596,-0.46215139442231074,-0.33665338645418325,-0.5557768924302788,-0.42828685258964144,-0.250996015936255,-0.4721115537848606,-0.3286852589641434,-0.6713147410358565,-0.36852589641434264,-0.7888446215139442,-0.40039840637450197,-0.8864541832669323,-0.12749003984063745,-0.5159362549800797,-0.16533864541832669,-0.749003984063745,-0.19322709163346613,-0.8864541832669323,-0.21115537848605578,-1.0,0.0,-0.5079681274900398,0.00398406374501992,-0.7211155378486056,-0.00199203187250996,-0.8565737051792829,-0.01195219123505976,-0.9701195219123506,0.1294820717131474,-0.4581673306772908,0.1852589641434263,-0.6175298804780877,0.21912350597609562,-0.7211155378486056,0.2450199203187251,-0.8107569721115537
0,0.0,0.0,-0.20724346076458752,-0.07243460764587525,-0.36619718309859156,-0.21730382293762576,-0.45875251509054327,-0.3561368209255533,-0.5472837022132797,-0.4507042253521127,-0.23541247484909456,-0.4969818913480885,-0.30181086519114686,-0.6961770623742455,-0.34004024144869216,-0.8128772635814889,-0.3702213279678068,-0.9114688128772636,-0.10865191146881288,-0.5311871227364185,-0.1448692152917505,-0.7545271629778671,-0.1710261569416499,-0.8873239436619719,-0.1891348088531187,-1.0,0.02012072434607646,-0.5130784708249497,0.030181086519114688,-0.7223340040241448,0.028169014084507043,-0.8571428571428571,0.022132796780684104,-0.9738430583501007,0.1529175050301811,-0.45472837022132795,0.2152917505030181,-0.6156941649899397,0.2535211267605634,-0.7243460764587525,0.2796780684104628,-0.8229376257545271
0,0.0,0.0,-0.20594059405940593,-0.07920792079207921,-0.3584158415841584,-0.2316831683168317,-0.44356435643564357,-0.37425742574257426,-0.5267326732673268,-0.4752475247524752,-0.2099009900990099,-0.49504950495049505,-0.2633663366336634,-0.699009900990099,-0.29306930693069305,-0.8178217821782178,-0.31485148514851485,-0.9188118811881189,-0.08316831683168317,-0.5247524752475248,-0.09900990099009901,-0.7504950495049505,-0.11485148514851486,-0.8851485148514852,-0.12277227722772277,-1.0,0.04356435643564356,-0.500990099009901,0.06336633663366337,-0.7108910891089109,0.06930693069306931,-0.8455445544554455,0.06930693069306931,-0.9623762376237623,0.1702970297029703,-0.4415841584158416,0.23366336633663368,-0.601980198019802,0.2732673267326733,-0.7069306930693069,0.30495049504950494,-0.803960396039604
0,0.0,0.0,-0.2035225048923679,-0.07827788649706457,-0.350293542074364,-0.23483365949119372,-0.4344422700587084,-0.3796477495107632,-0.5205479452054794,-0.4794520547945205,-0.2054794520547945,-0.48336594911937375,-0.2583170254403131,-0.684931506849315,-0.2837573385518591,-0.8062622309197651,-0.2974559686888454,-0.9080234833659491,-0.08023483365949119,-0.5146771037181996,-0.10763209393346379,-0.7436399217221135,-0.1232876712328767,-0.8825831702544031,-0.13111545988258316,-1.0,0.043052837573385516,-0.49510763209393344,0.06262230919765166,-0.7045009784735812,0.07045009784735812,-0.8434442270058709,0.07436399217221135,-0.9608610567514677,0.16829745596868884,-0.4383561643835616,0.24070450097847357,-0.5968688845401174,0.2876712328767123,-0.6966731898238747,0.3268101761252446,-0.7847358121330724
0,0.0,0.0,-0.19960861056751467,-0.0821917808219178,-0.3405088062622309,-0.24266144814090018,-0.4187866927592955,-0.38747553816046965,-0.49706457925636005,-0.487279843444227,-0.1898238747553816,-0.49706457925636005,-0.23483365949119372,-0.700587084148728,-0.25440313111545987,-0.8199608610567515,-0.26418786692759294,-0.9197651663405088,-0.06262230919765166,-0.5225048923679061,-0.07240704500978473,-0.7514677103718199,-0.0821917808219178,-0.8864970645792564,-0.08414872798434442,-1.0,0.060665362035225046,-0.49902152641878667,0.09393346379647749,-0.7064579256360078,0.10763209393346379,-0.8434442270058709,0.11545988258317025,-0.9569471624266145,0.18003913894324852,-0.436399217221135,0.2602739726027397,-0.5870841487279843,0.30919765166340507,-0.6868884540117417,0.34833659491193736,-0.776908023483366
0,0.0,0.0,-0.19921875,-0.083984375,-0.337890625,-0.244140625,-0.4140625,-0.390625,-0.494140625,-0.4921875,-0.185546875,-0.4921875,-0.23046875,-0.697265625,-0.248046875,-0.8203125,-0.2578125,-0.923828125,-0.060546875,-0.517578125,-0.068359375,-0.74609375,-0.07421875,-0.884765625,-0.07421875,-1.0,0.0625,-0.490234375,0.1015625,-0.69921875,0.119140625,-0.8359375,0.12890625,-0.951171875,0.181640625,-0.42578125,0.265625,-0.578125,0.318359375,-0.6796875,0.36328125,-0.771484375
0,0.0,0.0,-0.20647773279352227,-0.07692307692307693,-0.3623481781376518,-0.22672064777327935,-0.451417004048583,-0.36639676113360325,-0.5404858299595142,-0.4676113360323887,-0.22267206477732793,-0.4979757085020243,-0.2793522267206478,-0.6983805668016194,-0.3117408906882591,-0.8157894736842105,-0.3360323886639676,-0.9149797570850202,-0.0951417004048583,-0.52834008097166,-0.11740890688259109,-0.7550607287449392,-0.13360323886639677,-0.888663967611336,-0.1417004048582996,-1.0,0.030364372469635626,-0.5101214574898786,0.05060728744939271,-0.7226720647773279,0.05668016194331984,-0.8582995951417004,0.058704453441295545,-0.9736842105263158,0.15587044534412955,-0.4493927125506073,0.22672064777327935,-0.6052631578947368,0.26720647773279355,-0.708502024291498,0.3016194331983806,-0.8036437246963563
0,0.0,0.0,-0.198,-0.07,-0.348,-0.22,-0.438,-0.356,-0.534,-0.45,-0.222,-0.486,-0.278,-0.672,-0.312,-0.786,-0.34,-0.884,-0.102,-0.52,-0.132,-0.744,-0.158,-0.882,-0.178,-1.0,0.016,-0.502,0.034,-0.714,0.04,-0.852,0.036,-0.968,0.132,-0.442,0.2,-0.6,0.238,-0.71,0.266,-0.81
0,0.0,0.0,-0.19760479041916168,-0.06986027944111776,-0.34930139720558884,-0.2155688622754491,-0.44510978043912175,-0.34930139720558884,-0.5349301397205589,-0.4431137724550898,-0.2315369261477046,-0.4810379241516966,-0.2994011976047904,-0.6746506986027944,-0.3413173652694611,-0.7904191616766467,-0.37325349301397204,-0.8882235528942116,-0.11377245508982035,-0.5189620758483033,-0.1497005988023952,-0.7485029940119761,-0.17964071856287425,-0.8862275449101796,-0.20159680638722555,-1.0,0.003992015968063872,-0.5049900199600799,0.011976047904191617,-0.720558882235529,0.007984031936127744,-0.8582834331337326,-0.001996007984031936,-0.9700598802395209,0.1217564870259481,-0.45109780439121755,0.17964071856287425,-0.6107784431137725,0.21157684630738524,-0.718562874251497,0.23353293413173654,-0.812375249500998
0,0.0,0.0,-0.19959677419354838,-0.06854838709677419,-0.35080645161290325,-0.2157258064516129,-0.4435483870967742,-0.3487903225806452,-0.5342741935483871,-0.4415322580645161,-0.23387096774193547,-0.4879032258064516,-0.29838709677419356,-0.6814516129032258,-0.3387096774193548,-0.7963709677419355,-0.3709677419354839,-0.8911290322580645,-0.11693548387096774,-0.5241935483870968,-0.15120967741935484,-0.7520161290322581,-0.17943548387096775,-0.8870967741935484,-0.20161290322580644,-1.0,0.0,-0.5060483870967742,0.008064516129032258,-0.7237903225806451,0.0020161290322580645,-0.8649193548387096,-0.008064516129032258,-0.9818548387096774,0.11895161290322581,-0.4495967741935484,0.1774193548387097,-0.6108870967741935,0.21169354838709678,-0.7237903225806451,0.23790322580645162,-0.8266129032258065
0,0.0,0.0,-0.20242914979757085,-0.06477732793522267,-0.3582995951417004,-0.20445344129554655,-0.4574898785425101,-0.3360323886639676,-0.5506072874493927,-0.4271255060728745,-0.24696356275303644,-0.4797570850202429,-0.32186234817813764,-0.6720647773279352,-0.3623481781376518,-0.7854251012145749,-0.39473684210526316,-0.8805668016194332,-0.12753036437246965,-0.520242914979757,-0.1680161943319838,-0.7510121457489879,-0.19635627530364372,-0.8866396761133604,-0.2145748987854251,-1.0,-0.006072874493927126,-0.5101214574898786,0.0,-0.7307692307692307,-0.006072874493927126,-0.8724696356275303,-0.012145748987854251,-0.9919028340080972,0.1194331983805668,-0.45546558704453444,0.18218623481781376,-0.6174089068825911,0.22064777327935223,-0.728744939271255,0.24898785425101214,-0.8299595141700404
0,0.0,0.0,-0.20161290322580644,-0.06451612903225806,-0.3588709677419355,-0.2056451612903226,-0.45564516129032256,-0.3407258064516129,-0.5524193548387096,-0.43548387096774194,-0.23790322580645162,-0.48185483870967744,-0.3084677419354839,-0.6814516129032258,-0.3467741935483871,-0.8004032258064516,-0.375,-0.8991935483870968,-0.11491935483870967,-0.5201612903225806,-0.15120967741935484,-0.7520161290322581,-0.1774193548387097,-0.8870967741935484,-0.1975806451612903,-1.0,0.008064516129032258,-0.5060483870967742,0.020161290322580645,-0.7237903225806451,0.018145161290322582,-0.8649193548387096,0.012096774193548387,-0.9838709677419355,0.13306451612903225,-0.4475806451612903,0.1975806451612903,-0.6088709677419355,0.23387096774193547,-0.7157258064516129,0.25806451612903225,-0.8084677419354839
0,0.0,0.0,-0.2,-0.07676767676767676,-0.35555555555555557,-0.23030303030303031,-0.4444444444444444,-0.3717171717171717,-0.5313131313131313,-0.47474747474747475,-0.20606060606060606,-0.494949494949495,-0.2585858585858586,-0.705050505050505,-0.2868686868686869,-0.8262626262626263,-0.3090909090909091,-0.9353535353535354,-0.08080808080808081,-0.5232323232323233,-0.09494949494949495,-0.7515151515151515,-0.10909090909090909,-0.8868686868686869,-0.11717171717171718,-1.0,0.046464646464646465,-0.498989898989899,0.07272727272727272,-0.7131313131313132,0.08484848484848485,-0.8464646464646465,0.09292929292929293,-0.9595959595959596,0.1717171717171717,-0.43636363636363634,0.24646464646464647,-0.5959595959595959,0.29292929292929293,-0.701010101010101,0.33131313131313134,-0.797979797979798
0,0.0,0.0,-0.19959677419354838,-0.08266129032258064,-0.3467741935483871,-0.23790322580645162,-0.42943548387096775,-0.3810483870967742,-0.5141129032258065,-0.48588709677419356,-0.1935483870967742,-0.5040322580645161,-0.2399193548387097,-0.7096774193548387,-0.2661290322580645,-0.8306451612903226,-0.2842741935483871,-0.9354838709677419,-0.06451612903225806,-0.5282258064516129,-0.07258064516129033,-0.7560483870967742,-0.08266129032258064,-0.8891129032258065,-0.08870967741935484,-1.0,0.0625,-0.5020161290322581,0.09475806451612903,-0.7116935483870968,0.11088709677419355,-0.8467741935483871,0.11693548387096774,-0.9616935483870968,0.18548387096774194,-0.43548387096774194,0.26411290322580644,-0.5907258064516129,0.31451612903225806,-0.6935483870967742,0.35080645161290325,-0.7883064516129032
0,0.0,0.0,-0.19723865877712032,-0.08678500986193294,-0.33925049309664695,-0.2465483234714004,-0.41420118343195267,-0.39250493096646943,-0.4911242603550296,-0.4970414201183432,-0.17751479289940827,-0.4990138067061144,-0.21104536489151873,-0.7080867850098619,-0.22682445759368836,-0.8284023668639053,-0.23668639053254437,-0.9289940828402367,-0.047337278106508875,-0.5207100591715976,-0.03747534516765286,-0.7514792899408284,-0.03550295857988166,-0.8875739644970414,-0.029585798816568046,-1.0,0.07495069033530571,-0.4911242603550296,0.11637080867850098,-0.7021696252465484,0.13806706114398423,-0.834319526627219,0.14990138067061143,-0.9447731755424064,0.1932938856015779,-0.42209072978303747,0.2781065088757396,-0.5700197238658777,0.32938856015779094,-0.6666666666666666,0.3727810650887574,-0.7495069033530573
0,0.0,0.0,-0.19367588932806323,-0.09288537549407115,-0.3339920948616601,-0.25296442687747034,-0.4090909090909091,-0.39920948616600793,-0.48616600790513836,-0.5039525691699605,-0.16798418972332016,-0.5059288537549407,-0.20553359683794467,-0.7134387351778656,-0.22134387351778656,-0.83399209486166,-0.233201581027668,-0.9387351778656127,-0.039525691699604744,-0.5237154150197628,-0.03359683794466403,-0.7529644268774703,-0.03359683794466403,-0.8873517786561265,-0.02766798418972332,-1.0,0.08300395256916997,-0.4901185770750988,0.12648221343873517,-0.6976284584980237,0.1482213438735178,-0.8280632411067194,0.16403162055335968,-0.9426877470355731,0.2015810276679842,-0.41699604743083,0.2826086956521739,-0.567193675889328,0.3339920948616601,-0.66600790513834,0.37351778656126483,-0.7569169960474308
0,0.0,0.0,-0.19883040935672514,-0.08966861598440545,-0.3391812865497076,-0.24561403508771928,-0.41325536062378165,-0.39571150097465885,-0.4873294346978557,-0.5009746588693957,-0.17348927875243664,-0.49707602339181284,-0.2124756335282651,-0.7056530214424951,-0.22612085769980506,-0.8265107212475633,-0.23196881091617932,-0.9298245614035088,-0.04483430799220273,-0.5185185185185185,-0.04483430799220273,-0.7485380116959064,-0.04678362573099415,-0.884990253411306,-0.03898635477582846,-1.0,0.07602339181286549,-0.4873294346978557,0.11500974658869395,-0.695906432748538,0.13840155945419103,-0.8304093567251462,0.15789473684210525,-0.9454191033138402,0.19298245614035087,-0.4171539961013645,0.27485380116959063,-0.5692007797270955,0.32943469785575047,-0.6686159844054581,0.3742690058479532,-0.7582846003898636
0,0.0,0.0,-0.20038910505836577,-0.08754863813229571,-0.3404669260700389,-0.245136186770428,-0.4182879377431907,-0.3949416342412451,-0.49221789883268485,-0.5,-0.17898832684824903,-0.490272373540856,-0.22178988326848248,-0.6964980544747081,-0.23929961089494164,-0.8171206225680934,-0.24708171206225682,-0.9202334630350194,-0.05058365758754864,-0.5136186770428015,-0.05252918287937743,-0.7470817120622568,-0.054474708171206226,-0.8852140077821011,-0.04669260700389105,-1.0,0.07198443579766536,-0.4883268482490272,0.10894941634241245,-0.6984435797665369,0.13229571984435798,-0.8365758754863813,0.14980544747081712,-0.9494163424124513,0.1867704280155642,-0.42412451361867703,0.2704280155642023,-0.5758754863813229,0.32490272373540857,-0.6750972762645915,0.3715953307392996,-0.7626459143968871
0,0.0,0.0,-0.1963927855711423,-0.0781563126252505,-0.34468937875751504,-0.23046092184368738,-0.42685370741482964,-0.37074148296593185,-0.5110220440881763,-0.46893787575150303,-0.20040080160320642,-0.4909819639278557,-0.2545090180360721,-0.6953907815631263,-0.2845691382765531,-0.8156312625250501,-0.30861723446893785,-0.9198396793587175,-0.07414829659318638,-0.5170340681362725,-0.08617234468937876,-0.7474949899799599,-0.09619238476953908,-0.8857715430861723,-0.10020040080160321,-1.0,0.04809619238476954,-0.49298597194388777,0.0781563126252505,-0.7074148296593187,0.09018036072144289,-0.8476953907815631,0.09819639278557114,-0.9659318637274549,0.1683366733466934,-0.4288577154308617,0.24448897795591182,-0.5831663326653307,0.28857715430861725,-0.6893787575150301,0.3246492985971944,-0.7855711422845691
